"","mean","sd","2.5%","25%","50%","75%","97.5%","Rhat","n.eff","overlap0","f"
"mean.sV",0.704851762698867,0.0155153239635873,0.674498650039497,0.694652180127263,0.704469620221999,0.7155041881379,0.735431614046567,0.999704355315135,1600,0,1
"mean.sF",0.70183028773393,0.0125747742463182,0.677313471763886,0.693295133880119,0.701955520560687,0.71035700809993,0.725107503233772,1.00047170548306,1528,0,1
"mean.fV",0.518836772890986,0.0240539040508707,0.472050051248727,0.5033127074515,0.518561204278653,0.534599552333,0.566328541545283,0.999707049096165,1600,0,1
"mean.fF",0.711135872647269,0.0176373534734391,0.67564011306613,0.699495905487661,0.712219411743646,0.722955615024033,0.742970283770498,1.00256133604347,1600,0,1
"mean.dV",0.0630746209698626,0.0357979436694717,0.00429006426150847,0.0368667414361541,0.0592884958618431,0.0867399035000047,0.140315697455277,1.00850980459185,1600,0,1
"mean.dF",0.132538806515688,0.0220357002739862,0.0868448979704319,0.118030485700192,0.133869413872306,0.148513339717748,0.171271928755082,1.00428779550708,1600,0,1
"deviance",4274.42708299721,64.5021031423417,4141.88824562221,4234.69746357237,4275.41097253917,4316.55194392313,4395.70138219673,1.00240756948728,670,0,1
