"","mean","sd","2.5%","25%","50%","75%","97.5%","Rhat","n.eff","overlap0","f"
"mean.sV",0.687659714635742,0.0158246800293752,0.65619322800196,0.676719693184632,0.687671731496953,0.698780793267783,0.717953132673981,1.00006071156497,1600,0,1
"mean.sF",0.688157519933727,0.0129537849953352,0.66184057117326,0.679430892269217,0.688259507329534,0.697220093352237,0.712646246193472,1.0024928717231,650,0,1
"mean.fV",0.472388665040145,0.024913243137572,0.425777804073616,0.454835975209182,0.472626743885452,0.489383255976243,0.521552395069661,0.999537157664481,1600,0,1
"mean.fF",0.705452438673577,0.0216234081297397,0.659683645304959,0.691441628626767,0.706241243119647,0.720508142340575,0.74464618992897,1.00208015530734,687,0,1
"mean.dV",0.178805776103221,0.0412369990605977,0.0986905104336795,0.150568019033931,0.178638650615072,0.206615705411851,0.257022452290257,1.00299141238018,523,0,1
"mean.dF",0.106378532106287,0.0282563820194997,0.0487979800429142,0.0870650466306141,0.10741939755991,0.125659635305113,0.161238238433993,1.00301450834296,958,0,1
"deviance",4146.5844668658,61.7853425740511,4021.70513793123,4105.26542551438,4146.56631934811,4187.9976473584,4263.07916063914,1.00056790832318,1571,0,1
