"","mean","sd","2.5%","25%","50%","75%","97.5%","Rhat","n.eff","overlap0","f"
"mean.sV",0.690568074599361,0.0152989915376461,0.659874844405168,0.680260009012575,0.690842331070506,0.70079302545337,0.720182490030248,1.00800463602491,378,0,1
"mean.sF",0.69007419160189,0.0131953632136407,0.664575888014166,0.681035637342974,0.690047694208301,0.699103798110233,0.716375582133323,0.999408120711417,1600,0,1
"mean.fV",0.52482127501166,0.024976216239689,0.478195274987721,0.507590553764414,0.524859166429689,0.540440657818127,0.577416753111478,1.00537991711123,271,0,1
"mean.fF",0.672237672611679,0.0219407476847296,0.630214793844368,0.656890174626764,0.672519278834973,0.687700504475177,0.715309606472534,1.00036475643239,1600,0,1
"mean.dV",0.148975226223513,0.0396712718575619,0.0658090242827609,0.123508501374574,0.150597380375469,0.176677267832611,0.220304355063136,1.00321372088588,398,0,1
"mean.dF",0.0509639362496932,0.0263921857015661,0.00489028931389116,0.0315180620647742,0.0499132672242547,0.0687850499302647,0.106189744624488,1.00581661153902,244,0,1
"deviance",3943.92814644272,79.0306935323048,3777.61506202163,3894.82251037162,3948.35538745447,3996.84833829697,4088.54397911677,1.00382496948449,510,0,1
