"","mean","sd","2.5%","25%","50%","75%","97.5%","Rhat","n.eff","overlap0","f"
"mean.sV",0.679652763191436,0.0156819116354167,0.64982181161547,0.669266403368312,0.679572103741833,0.69078836415413,0.710065412263847,1.00023258760355,1600,0,1
"mean.sF",0.702894238325924,0.0122266108530943,0.67819278521457,0.694959039208695,0.702859600154152,0.71111701366508,0.726656293220949,0.999799705969053,1600,0,1
"mean.fV",0.525034484996464,0.0278587991804638,0.474442140178229,0.505099913053516,0.523840333640199,0.544091453259424,0.582998310773092,1.00949651690917,160,0,1
"mean.fF",0.701975803727283,0.0210848579580904,0.656865982978384,0.68851972041064,0.702715189618546,0.716624373095403,0.740325377822216,1.0040678993326,1600,0,1
"mean.dV",0.104303580827785,0.0473276258467341,0.0124967044429636,0.0717784641528757,0.106714225860469,0.138373340352897,0.194524086586382,1.0008618278037,1600,0,1
"mean.dF",0.0994695258525962,0.0276420046813678,0.0453124063243712,0.0806530460282292,0.0997969426811407,0.11763366566751,0.152889742631928,1.00118404861336,1600,0,1
"deviance",4128.7012283501,62.7936520617207,3997.85097045649,4088.97650238345,4130.4472266395,4173.87731547033,4240.11116409689,0.999511135236412,1600,0,1
