"","mean","sd","2.5%","25%","50%","75%","97.5%","Rhat","n.eff","overlap0","f"
"mean.sV",0.897542217415818,0.00967028849352383,0.878309569267783,0.89124101124753,0.897600671495181,0.903898033598531,0.916612457284151,1.00175953559247,962,0,1
"mean.sF",0.895614298591808,0.00666210037159438,0.8822219923129,0.891146431090785,0.895685543527055,0.900164192879874,0.90799098378883,1.00189814615885,823,0,1
"mean.fV",0.512397715393006,0.0336206583476116,0.451203083636328,0.489523946091499,0.510319604544863,0.534796788948605,0.584207369372163,1.01541098349536,138,0,1
"mean.fF",0.738296213378717,0.0220637456044548,0.692311207215917,0.724482746807841,0.738979367076493,0.753566333232188,0.779468845252942,1.00979258747688,211,0,1
"mean.dV",0.452598835381432,0.0476776746552079,0.353618814954859,0.423246288154549,0.457457694827214,0.485276669988313,0.532240991311299,1.02076412590838,101,0,1
"mean.dF",0.515719272379771,0.0233310657916635,0.466852170487351,0.500361933226656,0.516225070089361,0.532213007103972,0.558746866177081,1.01298139127058,160,0,1
"deviance",11277.199541894,58.899453259093,11160.3058981346,11239.4623978728,11278.2370151364,11317.38704883,11386.5847679751,1.00214376588131,868,0,1
