"","mean","sd","2.5%","25%","50%","75%","97.5%","Rhat","n.eff","overlap0","f"
"mean.sV",0.573365649970199,0.0299482935013376,0.510543905156593,0.555656796408528,0.572932506319895,0.591722787867399,0.636554996146726,1.03884897070125,61,0,1
"mean.sF",0.644527022482654,0.0190320192826912,0.606781752343552,0.631811708016373,0.644834529166486,0.656864250207541,0.682665755441645,1.00074916950109,2400,0,1
"mean.fV",0.559198808886695,0.0833526999954355,0.402898207624067,0.501188736491383,0.560608618875445,0.61659087335493,0.715896981796845,1.10687487035552,24,0,1
"mean.fF",0.714522862674091,0.0676747909214333,0.558416858162234,0.679394195386806,0.723890944852815,0.760013309914118,0.816053434337622,1.10662250998803,28,0,1
"mean.dV",0.418606923510437,0.133098022637004,0.0934090342863346,0.343709447296058,0.431667479902678,0.515099087466842,0.635576302889294,1.12473260830551,22,0,1
"mean.dF",0.537265691091346,0.0616471108779636,0.405518357499392,0.508417728740817,0.547253598774593,0.578929573445246,0.62465922904291,1.11092877332051,31,0,1
"deviance",2966.17809662662,58.4217018871477,2823.8384375205,2936.93218380434,2973.99006488596,3005.07890657467,3060.96101657353,1.04533370429946,68,0,1
