"","mean","sd","2.5%","25%","50%","75%","97.5%","Rhat","n.eff","overlap0","f"
"mean.sV",0.803005324541898,0.0148812995464966,0.772904082878367,0.793096552448744,0.803031842515199,0.81307384219488,0.831249758585904,1.00454970829765,430,0,1
"mean.sF",0.792818229994425,0.0125740900030733,0.767026047053672,0.784431741953987,0.793189620035182,0.801213684020423,0.817129473988975,1.00101886586273,1315,0,1
"mean.fV",0.432740481692785,0.0347339732536627,0.367592044302114,0.409122516924572,0.431487200698247,0.455526202272756,0.504649656603241,1.00970133627193,213,0,1
"mean.fF",0.685960125816218,0.0340327200461223,0.609158467771983,0.665188457237948,0.68978092078959,0.710566280903139,0.741499584208553,1.00999428750143,197,0,1
"mean.dV",0.521191486201814,0.0415749947075803,0.435830603023675,0.492774074947724,0.520742034218451,0.5500096083348,0.600804597061985,1.02286132889551,96,0,1
"mean.dF",0.496202425957655,0.0350383526090482,0.415569253202743,0.475362395899857,0.499473905191776,0.520316608443012,0.555679814336042,1.00881504701606,235,0,1
"deviance",6171.10906065505,50.8914795637586,6074.01553394994,6135.67033040485,6170.8943080751,6205.26632959622,6270.66698588001,1.00242764120935,755,0,1
