"","mean","sd","2.5%","25%","50%","75%","97.5%","Rhat","n.eff","overlap0","f"
"mean.sV",0.500842494309146,0.0260419118322222,0.447303761476805,0.484156667543982,0.501734356087107,0.517832502014223,0.54882242499505,1.00946474086407,377,0,1
"mean.sF",0.477943943870413,0.0274022442088175,0.423752401361358,0.459177388084325,0.478786618051308,0.497474360810185,0.529446611631922,1.00352899798775,877,0,1
"mean.fV",0.45344708613815,0.106355649904395,0.28091076712703,0.379837052907229,0.4377784371912,0.513232140248398,0.706341060281805,1.1382222143023,38,0,1
"mean.fF",0.629378941625024,0.0999231833701474,0.413286117607313,0.569142704421231,0.637432352608028,0.699906272449856,0.807259801857209,1.05883162636459,73,0,1
"mean.dV",0.487033683406049,0.144511829723537,0.0763976420635929,0.428574576601152,0.518274798034146,0.582041271840944,0.677933888858844,1.24910264332847,22,0,1
"mean.dF",0.391226813953481,0.12816454689885,0.0798576775024291,0.324864816545632,0.407543339984442,0.477597137649336,0.597706739760804,1.04688255932706,101,0,1
"deviance",2060.39703089685,56.7268442871711,1922.69508119527,2031.93422721211,2067.02150836336,2097.57537551749,2153.15760535334,1.06402845368483,39,0,1
