"","mean","sd","2.5%","25%","50%","75%","97.5%","Rhat","n.eff","overlap0","f"
"mean.sV",0.686367261922476,0.0206151523808826,0.641767102092837,0.673605016357838,0.687102649248468,0.700110281997375,0.724483078188172,1.01635478430266,124,0,1
"mean.sF",0.711103252586236,0.0172861208973357,0.677471918775395,0.699751755255793,0.71094122473988,0.722610700586901,0.744542901601853,1.0071416050641,298,0,1
"mean.fV",0.457533499722085,0.0654166931616886,0.322973113232857,0.416548076038025,0.457159774355505,0.499851154719741,0.587358970623508,1.09462379847798,27,0,1
"mean.fF",0.676165268123798,0.0753195219475816,0.463119949849622,0.650601737807356,0.691044292829053,0.726614009067408,0.777648077622135,1.14113144754856,25,0,1
"mean.dV",0.548494927799902,0.0821988336838109,0.37383556016854,0.496521584452054,0.552626402882885,0.600329396840022,0.707065448733637,1.09182327426171,27,0,1
"mean.dF",0.426520786267741,0.0907539059157939,0.15019570721151,0.40152026305221,0.446717528142545,0.484166761822213,0.539156818529461,1.17045309547652,23,0,1
"deviance",4068.4169493799,82.6339666599137,3826.40146784357,4042.57989314759,4081.09321264737,4114.53570824074,4179.11199606537,1.15419525315938,39,0,1
